_id,active,createdDate,lastLogin,role,signUpSource,state
5ff1e194b6a9d73a3a9f1052,True,2021-01-03 07:24:04.800000,2021-01-03 07:25:37.858000,consumer,Email,WI
5ff1e194b6a9d73a3a9f1052,True,2021-01-03 07:24:04.800000,2021-01-03 07:25:37.858000,consumer,Email,WI
5ff1e194b6a9d73a3a9f1052,True,2021-01-03 07:24:04.800000,2021-01-03 07:25:37.858000,consumer,Email,WI
5ff1e1eacfcf6c399c274ae6,True,2021-01-03 07:25:30.554000,2021-01-03 07:25:30.597000,consumer,Email,WI
5ff1e194b6a9d73a3a9f1052,True,2021-01-03 07:24:04.800000,2021-01-03 07:25:37.858000,consumer,Email,WI
5ff1e194b6a9d73a3a9f1052,True,2021-01-03 07:24:04.800000,2021-01-03 07:25:37.858000,consumer,Email,WI
5ff1e1e8cfcf6c399c274ad9,True,2021-01-03 07:25:28.354000,2021-01-03 07:25:28.392000,consumer,Email,WI
5ff1e1b7cfcf6c399c274a5a,True,2021-01-03 07:24:39.626000,2021-01-03 07:24:39.665000,consumer,Email,WI
5ff1e194b6a9d73a3a9f1052,True,2021-01-03 07:24:04.800000,2021-01-03 07:25:37.858000,consumer,Email,WI
5ff1e1f1cfcf6c399c274b0b,True,2021-01-03 07:25:37.564000,2021-01-03 07:25:37.599000,consumer,Email,WI
5ff1e194b6a9d73a3a9f1052,True,2021-01-03 07:24:04.800000,2021-01-03 07:25:37.858000,consumer,Email,WI
5ff1e1eacfcf6c399c274ae6,True,2021-01-03 07:25:30.554000,2021-01-03 07:25:30.597000,consumer,Email,WI
5ff1e194b6a9d73a3a9f1052,True,2021-01-03 07:24:04.800000,2021-01-03 07:25:37.858000,consumer,Email,WI
5ff1e1eacfcf6c399c274ae6,True,2021-01-03 07:25:30.554000,2021-01-03 07:25:30.597000,consumer,Email,WI
5ff1e194b6a9d73a3a9f1052,True,2021-01-03 07:24:04.800000,2021-01-03 07:25:37.858000,consumer,Email,WI
5ff1e194b6a9d73a3a9f1052,True,2021-01-03 07:24:04.800000,2021-01-03 07:25:37.858000,consumer,Email,WI
5ff1e1e4cfcf6c399c274ac3,True,2021-01-03 07:25:24.656000,2021-01-03 07:25:24.694000,consumer,Email,WI
5ff1e1b4cfcf6c399c274a54,True,2021-01-03 07:24:36.410000,2021-01-03 07:24:36.452000,consumer,Email,WI
5ff1e1eacfcf6c399c274ae6,True,2021-01-03 07:25:30.554000,2021-01-03 07:25:30.597000,consumer,Email,WI
5ff1e194b6a9d73a3a9f1052,True,2021-01-03 07:24:04.800000,2021-01-03 07:25:37.858000,consumer,Email,WI
5ff370c562fde912123a5e0e,True,2021-01-04 11:47:17.776000,2021-01-04 11:50:50.563000,consumer,Email,WI
5ff36d0362fde912123a5535,True,2021-01-04 11:31:15.973000,2021-01-04 11:34:42.944000,consumer,Email,WI
5ff36d83135e7011bcb864d6,True,2021-01-04 11:33:23.244000,2021-01-04 11:33:23.425000,consumer,Email,WI
5ff36c8862fde912123a538a,True,2021-01-04 11:29:12.943000,2021-01-04 11:29:13.141000,consumer,Email,WI
5ff370c562fde912123a5e0e,True,2021-01-04 11:47:17.776000,2021-01-04 11:50:50.563000,consumer,Email,WI
5ff36be7135e7011bcb856d3,True,2021-01-04 11:26:31.239000,2021-01-04 11:29:52.726000,consumer,Email,WI
5ff36d0362fde912123a5535,True,2021-01-04 11:31:15.973000,2021-01-04 11:34:42.944000,consumer,Email,WI
5ff36be7135e7011bcb856d3,True,2021-01-04 11:26:31.239000,2021-01-04 11:29:52.726000,consumer,Email,WI
5ff36a3862fde912123a4460,True,2021-01-04 11:19:20.352000,2021-01-04 11:23:05.340000,consumer,Email,WI
5ff36d0362fde912123a5535,True,2021-01-04 11:31:15.973000,2021-01-04 11:34:42.944000,consumer,Email,WI
5ff36c8e135e7011bcb85da4,True,2021-01-04 11:29:18.994000,2021-01-04 11:29:19.173000,consumer,Email,WI
5ff36a3862fde912123a4460,True,2021-01-04 11:19:20.352000,2021-01-04 11:23:05.340000,consumer,Email,WI
5ff370c562fde912123a5e0e,True,2021-01-04 11:47:17.776000,2021-01-04 11:50:50.563000,consumer,Email,WI
5ff36a3862fde912123a4460,True,2021-01-04 11:19:20.352000,2021-01-04 11:23:05.340000,consumer,Email,WI
5ff36a3862fde912123a4460,True,2021-01-04 11:19:20.352000,2021-01-04 11:23:05.340000,consumer,Email,WI
5ff370c562fde912123a5e0e,True,2021-01-04 11:47:17.776000,2021-01-04 11:50:50.563000,consumer,Email,WI
5ff36a3862fde912123a4460,True,2021-01-04 11:19:20.352000,2021-01-04 11:23:05.340000,consumer,Email,WI
5ff370c562fde912123a5e0e,True,2021-01-04 11:47:17.776000,2021-01-04 11:50:50.563000,consumer,Email,WI
5ff3711e62fde912123a620e,True,2021-01-04 11:48:46.807000,2021-01-04 11:48:46.997000,consumer,Email,WI
5ff36be7135e7011bcb856d3,True,2021-01-04 11:26:31.239000,2021-01-04 11:29:52.726000,consumer,Email,WI
5ff4ce33c3d63511e2a484b6,True,2021-01-05 12:38:11.229000,2021-01-05 12:39:55.131000,consumer,Email,WI
5ff473e7c1e2d0121a9b2697,True,2021-01-05 06:12:55.669000,2021-01-05 06:12:55.877000,consumer,Email,WI
5ff47392c3d63511e2a47881,True,2021-01-05 06:11:30.233000,2021-01-05 06:15:33.550000,consumer,Email,WI
5ff47392c3d63511e2a47881,True,2021-01-05 06:11:30.233000,2021-01-05 06:15:33.550000,consumer,Email,WI
5ff4ce33c3d63511e2a484b6,True,2021-01-05 12:38:11.229000,2021-01-05 12:39:55.131000,consumer,Email,WI
5ff4ce91c1e2d0121a9b3057,True,2021-01-05 12:39:45.282000,2021-01-05 12:39:45.329000,consumer,Email,WI
5ff47392c3d63511e2a47881,True,2021-01-05 06:11:30.233000,2021-01-05 06:15:33.550000,consumer,Email,WI
5ff4ce3dc3d63511e2a484dc,True,2021-01-05 12:38:21.887000,2021-01-05 12:38:21.938000,consumer,Email,WI
5ff4ce33c3d63511e2a484b6,True,2021-01-05 12:38:11.229000,2021-01-05 12:39:55.131000,consumer,Email,WI
5ff4ce3dc3d63511e2a484dc,True,2021-01-05 12:38:21.887000,2021-01-05 12:38:21.938000,consumer,Email,WI
5ff4ce33c3d63511e2a484b6,True,2021-01-05 12:38:11.229000,2021-01-05 12:39:55.131000,consumer,Email,WI
5ff47392c3d63511e2a47881,True,2021-01-05 06:11:30.233000,2021-01-05 06:15:33.550000,consumer,Email,WI
5ff4ce3dc3d63511e2a484dc,True,2021-01-05 12:38:21.887000,2021-01-05 12:38:21.938000,consumer,Email,WI
5ff4ce3dc3d63511e2a484dc,True,2021-01-05 12:38:21.887000,2021-01-05 12:38:21.938000,consumer,Email,WI
5ff4ce33c3d63511e2a484b6,True,2021-01-05 12:38:11.229000,2021-01-05 12:39:55.131000,consumer,Email,WI
5ff4ce34c3d63511e2a484ba,True,2021-01-05 12:38:12.503000,2021-01-05 12:38:12.565000,consumer,Email,WI
5ff4ce33c3d63511e2a484b6,True,2021-01-05 12:38:11.229000,2021-01-05 12:39:55.131000,consumer,Email,WI
5ff4ce33c3d63511e2a484b6,True,2021-01-05 12:38:11.229000,2021-01-05 12:39:55.131000,consumer,Email,WI
5ff4ce3ac1e2d0121a9b2fb3,True,2021-01-05 12:38:18.446000,2021-01-05 12:38:18.495000,consumer,Email,WI
5ff47392c3d63511e2a47881,True,2021-01-05 06:11:30.233000,2021-01-05 06:15:33.550000,consumer,Email,WI
5ff5d15aeb7c7d12096d91a2,True,2021-01-06 07:03:54.680000,2021-01-06 07:08:10.009000,consumer,Email,WI
5ff5d15aeb7c7d12096d91a2,True,2021-01-06 07:03:54.680000,2021-01-06 07:08:10.009000,consumer,Email,WI
5ff5d15aeb7c7d12096d91a2,True,2021-01-06 07:03:54.680000,2021-01-06 07:08:10.009000,consumer,Email,WI
5ff5d15aeb7c7d12096d91a2,True,2021-01-06 07:03:54.680000,2021-01-06 07:08:10.009000,consumer,Email,WI
5ff5d15aeb7c7d12096d91a2,True,2021-01-06 07:03:54.680000,2021-01-06 07:08:10.009000,consumer,Email,WI
5ff5d15aeb7c7d12096d91a2,True,2021-01-06 07:03:54.680000,2021-01-06 07:08:10.009000,consumer,Email,WI
5ff5d1a38f142f11dd1886ba,True,2021-01-06 07:05:07.667000,2021-01-06 07:05:07.878000,consumer,Email,WI
5ff5d15aeb7c7d12096d91a2,True,2021-01-06 07:03:54.680000,2021-01-06 07:08:10.009000,consumer,Email,WI
5ff5d15aeb7c7d12096d91a2,True,2021-01-06 07:03:54.680000,2021-01-06 07:08:10.009000,consumer,Email,WI
5ff5d15aeb7c7d12096d91a2,True,2021-01-06 07:03:54.680000,2021-01-06 07:08:10.009000,consumer,Email,WI
5ff5d15aeb7c7d12096d91a2,True,2021-01-06 07:03:54.680000,2021-01-06 07:08:10.009000,consumer,Email,WI
5ff5d15aeb7c7d12096d91a2,True,2021-01-06 07:03:54.680000,2021-01-06 07:08:10.009000,consumer,Email,WI
5ff5d15aeb7c7d12096d91a2,True,2021-01-06 07:03:54.680000,2021-01-06 07:08:10.009000,consumer,Email,WI
5ff5d15aeb7c7d12096d91a2,True,2021-01-06 07:03:54.680000,2021-01-06 07:08:10.009000,consumer,Email,WI
5ff5d15aeb7c7d12096d91a2,True,2021-01-06 07:03:54.680000,2021-01-06 07:08:10.009000,consumer,Email,WI
5ff5d15aeb7c7d12096d91a2,True,2021-01-06 07:03:54.680000,2021-01-06 07:08:10.009000,consumer,Email,WI
5ff5d1d08f142f11dd18884c,True,2021-01-06 07:05:52.484000,2021-01-06 07:05:52.717000,consumer,Email,WI
5ff5d15aeb7c7d12096d91a2,True,2021-01-06 07:03:54.680000,2021-01-06 07:08:10.009000,consumer,Email,WI
5ff5d15aeb7c7d12096d91a2,True,2021-01-06 07:03:54.680000,2021-01-06 07:08:10.009000,consumer,Email,WI
5ff5d15aeb7c7d12096d91a2,True,2021-01-06 07:03:54.680000,2021-01-06 07:08:10.009000,consumer,Email,WI
5ff7264e8f142f11dd189504,True,2021-01-07 07:18:38.596000,2021-01-07 07:20:26.821000,consumer,Email,WI
5ff7401ceb7c7d31ca8a46e0,True,2021-01-07 09:08:44.072000,2021-01-07 09:08:44.352000,consumer,Email,WI
5ff73bea8f142f3276c3e84a,True,2021-01-07 08:50:50.206000,2021-01-07 08:50:50.255000,consumer,Email,WI
5ff74f3db3348b11c93361d1,True,2021-01-07 10:13:17.921000,2021-01-07 10:17:03.217000,consumer,Email,WI
5ff7264e8f142f11dd189504,True,2021-01-07 07:18:38.596000,2021-01-07 07:20:26.821000,consumer,Email,WI
5ff73b90eb7c7d31ca8a452b,True,2021-01-07 08:49:20.959000,2021-01-07 08:51:07.267000,consumer,Email,WI
5ff7930fb3348b11c93372a6,True,2021-01-07 15:02:39.759000,2021-01-07 15:09:54.656000,consumer,Email,WI
5ff7268eeb7c7d12096da2a9,True,2021-01-07 07:19:42.584000,2021-01-07 07:19:42.630000,consumer,Email,WI
5ff7268eeb7c7d12096da2a9,True,2021-01-07 07:19:42.584000,2021-01-07 07:19:42.630000,consumer,Email,WI
5ff7264e8f142f11dd189504,True,2021-01-07 07:18:38.596000,2021-01-07 07:20:26.821000,consumer,Email,WI
5ff7930fb3348b11c93372a6,True,2021-01-07 15:02:39.759000,2021-01-07 15:09:54.656000,consumer,Email,WI
5ff726a0eb7c7d12096da2db,True,2021-01-07 07:20:00.299000,2021-01-07 07:20:00.353000,consumer,Email,WI
5ff793dd04929111f6e90c69,True,2021-01-07 15:06:05.503000,2021-01-07 15:06:05.681000,consumer,Email,WI
5ff7949eb3348b11c93373d2,True,2021-01-07 15:09:18.699000,2021-01-07 15:09:18.840000,consumer,Email,WI
5ff7268c8f142f11dd189579,True,2021-01-07 07:19:40.196000,2021-01-07 07:19:40.243000,consumer,Email,WI
5ff73b90eb7c7d31ca8a452b,True,2021-01-07 08:49:20.959000,2021-01-07 08:51:07.267000,consumer,Email,WI
5ff7264e8f142f11dd189504,True,2021-01-07 07:18:38.596000,2021-01-07 07:20:26.821000,consumer,Email,WI
5ff616a68f142f11dd189163,True,2021-01-06 11:59:34.996000,,consumer,Email,KY
5ff7930fb3348b11c93372a6,True,2021-01-07 15:02:39.759000,2021-01-07 15:09:54.656000,consumer,Email,WI
5ff79464b3348b11c933738b,True,2021-01-07 15:08:20.153000,2021-01-07 15:08:20.301000,consumer,Email,WI
5ff8c241b3348b11c93379fc,True,2021-01-08 12:36:17.626000,2021-01-08 12:36:17.831000,consumer,Email,WI
5ff8ce8504929111f6e913cb,True,2021-01-08 13:28:37.743000,2021-01-08 13:29:59.411000,consumer,Email,WI
5ff8ce8504929111f6e913cb,True,2021-01-08 13:28:37.743000,2021-01-08 13:29:59.411000,consumer,Email,WI
5ff873d1b3348b11c9337716,True,2021-01-08 07:01:37.348000,2021-01-08 07:03:21.259000,consumer,Email,WI
5ff873ef04929111f6e910f0,True,2021-01-08 07:02:07.604000,2021-01-08 07:02:07.655000,consumer,Email,WI
5ff8c4e8b3348b11c9337a11,True,2021-01-08 12:47:36.724000,2021-01-08 12:47:37.088000,consumer,Email,WI
5ff873d1b3348b11c9337716,True,2021-01-08 07:01:37.348000,2021-01-08 07:03:21.259000,consumer,Email,WI
5ff8da28b3348b11c9337ac6,True,2021-01-08 14:18:16.844000,2021-01-08 14:19:49.939000,consumer,Email,WI
5ff8da7db3348b11c9337b6a,True,2021-01-08 14:19:41.689000,2021-01-08 14:19:41.738000,consumer,Email,WI
5ff873ddb3348b11c9337733,True,2021-01-08 07:01:49.160000,2021-01-08 07:01:49.202000,consumer,Email,WI
5ff8a11db3348b11c93378aa,True,2021-01-08 10:14:53.734000,2021-01-08 10:14:53.928000,consumer,Email,WI
5ff873d1b3348b11c9337716,True,2021-01-08 07:01:37.348000,2021-01-08 07:03:21.259000,consumer,Email,WI
5ff873d1b3348b11c9337716,True,2021-01-08 07:01:37.348000,2021-01-08 07:03:21.259000,consumer,Email,WI
5ff873d1b3348b11c9337716,True,2021-01-08 07:01:37.348000,2021-01-08 07:03:21.259000,consumer,Email,WI
5ff8ce8504929111f6e913cb,True,2021-01-08 13:28:37.743000,2021-01-08 13:29:59.411000,consumer,Email,WI
5ff8d634b3348b11c9337aa4,True,2021-01-08 14:01:24.238000,2021-01-08 14:01:24.518000,consumer,Email,WI
5ff8da28b3348b11c9337ac6,True,2021-01-08 14:18:16.844000,2021-01-08 14:19:49.939000,consumer,Email,WI
5ff8c330b3348b11c9337a04,True,2021-01-08 12:40:16.722000,2021-01-08 12:40:16.933000,consumer,Email,WI
5ff873ddb3348b11c9337733,True,2021-01-08 07:01:49.160000,2021-01-08 07:01:49.202000,consumer,Email,WI
5ff8da7eb3348b11c9337b72,True,2021-01-08 14:19:42.704000,2021-01-08 14:19:42.749000,consumer,Email,WI
5ffcb47d04929111f6e9256c,True,2021-01-11 12:26:37.225000,2021-01-11 12:28:21.430000,consumer,Email,WI
5ffc8ff9b3348b11c9338896,True,2021-01-11 09:50:49.527000,2021-01-11 09:50:49.567000,consumer,Email,WI
5ffc8f9704929111f6e922bf,True,2021-01-11 09:49:11.890000,2021-01-11 09:50:56.750000,consumer,Email,WI
5ffc9001b3348b11c93388b6,True,2021-01-11 09:50:57.375000,2021-01-11 09:50:57.415000,consumer,Email,WI
5ffc8ff9b3348b11c9338896,True,2021-01-11 09:50:49.527000,2021-01-11 09:50:49.567000,consumer,Email,WI
5ffc8f9704929111f6e922bf,True,2021-01-11 09:49:11.890000,2021-01-11 09:50:56.750000,consumer,Email,WI
5ffc8f9704929111f6e922bf,True,2021-01-11 09:49:11.890000,2021-01-11 09:50:56.750000,consumer,Email,WI
5ffc8ff9b3348b11c9338896,True,2021-01-11 09:50:49.527000,2021-01-11 09:50:49.567000,consumer,Email,WI
5ffc8ff9b3348b11c9338896,True,2021-01-11 09:50:49.527000,2021-01-11 09:50:49.567000,consumer,Email,WI
5ffcb4bc04929111f6e92608,True,2021-01-11 12:27:40.225000,2021-01-11 12:27:40.265000,consumer,Email,WI
5ffc9d87b3348b11c9338920,True,2021-01-11 10:48:39.076000,2021-01-11 10:50:13.461000,consumer,Email,WI
5ffc8f9704929111f6e922bf,True,2021-01-11 09:49:11.890000,2021-01-11 09:50:56.750000,consumer,Email,WI
5ffc9d87b3348b11c9338920,True,2021-01-11 10:48:39.076000,2021-01-11 10:50:13.461000,consumer,Email,WI
5ffcb47d04929111f6e9256c,True,2021-01-11 12:26:37.225000,2021-01-11 12:28:21.430000,consumer,Email,WI
5ffc9d87b3348b11c9338920,True,2021-01-11 10:48:39.076000,2021-01-11 10:50:13.461000,consumer,Email,WI
5ffc8f9704929111f6e922bf,True,2021-01-11 09:49:11.890000,2021-01-11 09:50:56.750000,consumer,Email,WI
5ffcb4bc04929111f6e92608,True,2021-01-11 12:27:40.225000,2021-01-11 12:27:40.265000,consumer,Email,WI
5ffc8f9704929111f6e922bf,True,2021-01-11 09:49:11.890000,2021-01-11 09:50:56.750000,consumer,Email,WI
5ffc9d9f04929111f6e92456,True,2021-01-11 10:49:03.920000,2021-01-11 10:49:03.965000,consumer,Email,WI
5ffca30604929111f6e92525,True,2021-01-11 11:12:06.515000,2021-01-11 11:12:06.791000,consumer,Email,WI
5fff0f9804929101d0ab0697,True,2021-01-13 07:19:52.446000,2021-01-13 07:19:52.678000,consumer,Email,WI
5fff0f4fb3348b03eb45abb0,True,2021-01-13 07:18:39.070000,2021-01-13 07:22:02.153000,consumer,Email,WI
5fff4beedf9ace121f0c17ea,True,2021-01-13 11:37:18.415000,2021-01-13 11:41:12.676000,consumer,Email,WI
5ffe115404929101d0aaebb2,True,2021-01-12 13:15:00.208000,,consumer,Email,AL
5fff55dabd4dff11dda8f5f1,True,2021-01-13 12:19:38.721000,2021-01-13 12:23:26.975000,consumer,Email,WI
5fff0f4fb3348b03eb45abb0,True,2021-01-13 07:18:39.070000,2021-01-13 07:22:02.153000,consumer,Email,WI
5fff55dabd4dff11dda8f5f1,True,2021-01-13 12:19:38.721000,2021-01-13 12:23:26.975000,consumer,Email,WI
5fff4beedf9ace121f0c17ea,True,2021-01-13 11:37:18.415000,2021-01-13 11:41:12.676000,consumer,Email,WI
5ffe115404929101d0aaebb2,True,2021-01-12 13:15:00.208000,,consumer,Email,AL
5fff26bab3348b03eb45bb22,True,2021-01-13 08:58:34.027000,2021-01-13 08:58:34.075000,consumer,Email,WI
5fff55dabd4dff11dda8f5f1,True,2021-01-13 12:19:38.721000,2021-01-13 12:23:26.975000,consumer,Email,WI
5fff0f4fb3348b03eb45abb0,True,2021-01-13 07:18:39.070000,2021-01-13 07:22:02.153000,consumer,Email,WI
5fff55dabd4dff11dda8f5f1,True,2021-01-13 12:19:38.721000,2021-01-13 12:23:26.975000,consumer,Email,WI
5fff55dabd4dff11dda8f5f1,True,2021-01-13 12:19:38.721000,2021-01-13 12:23:26.975000,consumer,Email,WI
5fff4c7461ffa811fdb0854c,True,2021-01-13 11:39:32.913000,2021-01-13 11:39:33.163000,consumer,Email,WI
5fff26bfb3348b03eb45bb32,True,2021-01-13 08:58:39.411000,2021-01-13 08:58:39.463000,consumer,Email,WI
5fff55dabd4dff11dda8f5f1,True,2021-01-13 12:19:38.721000,2021-01-13 12:23:26.975000,consumer,Email,WI
5fff0f4fb3348b03eb45abb0,True,2021-01-13 07:18:39.070000,2021-01-13 07:22:02.153000,consumer,Email,WI
5fff26f2b3348b03eb45bbb9,True,2021-01-13 08:59:30.518000,2021-01-13 08:59:30.567000,consumer,Email,WI
5fff55dabd4dff11dda8f5f1,True,2021-01-13 12:19:38.721000,2021-01-13 12:23:26.975000,consumer,Email,WI
6000d4bae2571211db395b9f,True,2021-01-14 15:33:14.861000,2021-01-14 15:33:14.903000,consumer,Email,WI
600056a3f7e5b011fce897b0,True,2021-01-14 06:35:15.207000,2021-01-14 06:37:10.767000,consumer,Email,WI
600056a3f7e5b011fce897b0,True,2021-01-14 06:35:15.207000,2021-01-14 06:37:10.767000,consumer,Email,WI
600056a3f7e5b011fce897b0,True,2021-01-14 06:35:15.207000,2021-01-14 06:37:10.767000,consumer,Email,WI
6000d46cfb296c121a81b20c,True,2021-01-14 15:31:56.665000,2021-01-14 15:33:52.701000,consumer,Email,WI
6000b7aefb296c121a8198b1,True,2021-01-14 13:29:18.188000,2021-01-14 13:33:22.666000,consumer,Email,WI
60005709bd4dff11dda90ac1,True,2021-01-14 06:36:57.988000,2021-01-14 06:36:58.051000,consumer,Email,WI
6000b7aefb296c121a8198b1,True,2021-01-14 13:29:18.188000,2021-01-14 13:33:22.666000,consumer,Email,WI
600056a3f7e5b011fce897b0,True,2021-01-14 06:35:15.207000,2021-01-14 06:37:10.767000,consumer,Email,WI
6000b7aefb296c121a8198b1,True,2021-01-14 13:29:18.188000,2021-01-14 13:33:22.666000,consumer,Email,WI
5e27526d0bdb6a138c32b556,True,2020-01-21 11:35:09.795000,,consumer,Google,WI
600056a3f7e5b011fce897b0,True,2021-01-14 06:35:15.207000,2021-01-14 06:37:10.767000,consumer,Email,WI
6000d46cfb296c121a81b20c,True,2021-01-14 15:31:56.665000,2021-01-14 15:33:52.701000,consumer,Email,WI
6000d4abe2571211db395b5c,True,2021-01-14 15:32:59.197000,2021-01-14 15:32:59.248000,consumer,Email,WI
600056d6bd4dff11dda90a3f,True,2021-01-14 06:36:06.157000,2021-01-14 06:36:06.208000,consumer,Email,WI
60005704bd4dff11dda90a9d,True,2021-01-14 06:36:52.368000,2021-01-14 06:36:52.418000,consumer,Email,WI
600056a3f7e5b011fce897b0,True,2021-01-14 06:35:15.207000,2021-01-14 06:37:10.767000,consumer,Email,WI
600056a3f7e5b011fce897b0,True,2021-01-14 06:35:15.207000,2021-01-14 06:37:10.767000,consumer,Email,WI
600056a3f7e5b011fce897b0,True,2021-01-14 06:35:15.207000,2021-01-14 06:37:10.767000,consumer,Email,WI
60005709bd4dff11dda90ac1,True,2021-01-14 06:36:57.988000,2021-01-14 06:36:58.051000,consumer,Email,WI
6002475cfb296c121a81b98d,True,2021-01-15 17:54:36.571000,,consumer,Email,WI
60024f24e257124ec6b99a13,True,2021-01-15 18:27:49.345000,,consumer,Email,WI
60037329e257124ec6b99eeb,True,2021-01-16 15:13:45.574000,,consumer,Email,WI
6000b75bbe5fc96dfee1d4d3,True,2021-01-14 13:27:55.938000,,consumer,Email,AL
6002541ae257124ec6b99a3a,True,2021-01-15 18:48:58.736000,,consumer,Email,WI
6000b75bbe5fc96dfee1d4d3,True,2021-01-14 13:27:55.938000,,consumer,Email,AL
600258dafb296c4ef805d9b7,True,2021-01-15 19:09:14.959000,,consumer,Email,WI
60025c65fb296c4ef805d9e6,True,2021-01-15 19:24:21.980000,,consumer,Email,WI
60037005e257124ec6b99ec2,True,2021-01-16 15:00:21.504000,,consumer,Email,WI
60025c65fb296c4ef805d9e6,True,2021-01-15 19:24:21.980000,,consumer,Email,WI
6000b75bbe5fc96dfee1d4d3,True,2021-01-14 13:27:55.938000,,consumer,Email,AL
6000b75bbe5fc96dfee1d4d3,True,2021-01-14 13:27:55.938000,,consumer,Email,AL
60025c65fb296c4ef805d9e6,True,2021-01-15 19:24:21.980000,,consumer,Email,WI
6000b75bbe5fc96dfee1d4d3,True,2021-01-14 13:27:55.938000,,consumer,Email,AL
6000b75bbe5fc96dfee1d4d3,True,2021-01-14 13:27:55.938000,,consumer,Email,AL
60023de5fb296c121a81b955,True,2021-01-15 17:14:13.653000,,consumer,Email,CO
6002541ae257124ec6b99a3a,True,2021-01-15 18:48:58.736000,,consumer,Email,WI
60049cdce257124ec6b9a353,True,2021-01-17 12:23:56.994000,,consumer,Email,WI
60025fe0e257124ec6b99a87,True,2021-01-15 19:39:13.154000,,consumer,Email,WI
600498c4e257124ec6b9a331,True,2021-01-17 12:06:29.321000,,consumer,Email,WI
6004a5d3fb296c4ef805e256,True,2021-01-17 13:02:11.432000,,consumer,Email,WI
60037a94fb296c4ef805ddbe,True,2021-01-16 15:45:25.319000,,consumer,Email,WI
600495c3fb296c4ef805e1fc,True,2021-01-17 11:53:39.356000,,consumer,Email,WI
6004a965e257124ec6b9a39f,True,2021-01-17 13:17:25.327000,,consumer,Email,WI
6007464b6e64691717e8c1f0,True,2021-01-19 12:51:23.347000,2021-01-19 12:55:08.492000,consumer,Email,WI
6007464b6e64691717e8c1f0,True,2021-01-19 12:51:23.347000,2021-01-19 12:55:08.492000,consumer,Email,WI
600741d06e6469120a787853,True,2021-01-19 12:32:17,2021-01-19 12:39:03.299000,consumer,Email,WI
600748196e64691717e8d4f0,True,2021-01-19 12:59:05.175000,2021-01-19 13:02:42.824000,consumer,Email,WI
600746fd6e64691717e8cfb5,True,2021-01-19 12:54:21.274000,2021-01-19 12:54:21.487000,consumer,Email,WI
60074b49325c8a1794623876,True,2021-01-19 13:12:41.649000,2021-01-19 13:16:09.332000,consumer,Email,WI
60074b49325c8a1794623876,True,2021-01-19 13:12:41.649000,2021-01-19 13:16:09.332000,consumer,Email,WI
60074b996e64691717e8f11a,True,2021-01-19 13:14:01.809000,2021-01-19 13:14:02.010000,consumer,Email,WI
600748196e64691717e8d4f0,True,2021-01-19 12:59:05.175000,2021-01-19 13:02:42.824000,consumer,Email,WI
600741d06e6469120a787853,True,2021-01-19 12:32:17,2021-01-19 12:39:03.299000,consumer,Email,WI
600741d06e6469120a787853,True,2021-01-19 12:32:17,2021-01-19 12:39:03.299000,consumer,Email,WI
600741d06e6469120a787853,True,2021-01-19 12:32:17,2021-01-19 12:39:03.299000,consumer,Email,WI
600741d06e6469120a787853,True,2021-01-19 12:32:17,2021-01-19 12:39:03.299000,consumer,Email,WI
600748196e64691717e8d4f0,True,2021-01-19 12:59:05.175000,2021-01-19 13:02:42.824000,consumer,Email,WI
600741d06e6469120a787853,True,2021-01-19 12:32:17,2021-01-19 12:39:03.299000,consumer,Email,WI
6007464b6e64691717e8c1f0,True,2021-01-19 12:51:23.347000,2021-01-19 12:55:08.492000,consumer,Email,WI
600748196e64691717e8d4f0,True,2021-01-19 12:59:05.175000,2021-01-19 13:02:42.824000,consumer,Email,WI
60074246325c8a12289e22a0,True,2021-01-19 12:34:15.284000,2021-01-19 12:34:15.511000,consumer,Email,WI
60074883325c8a1794622a12,True,2021-01-19 13:00:51.464000,2021-01-19 13:00:51.660000,consumer,Email,WI
6006f786fb296c7f688530f8,True,2021-01-19 07:15:18.644000,,consumer,Email,AL
60088d55633aab121bb8e41a,True,2021-01-20 12:06:45.740000,2021-01-20 12:07:54.542000,consumer,Email,WI
6008893b633aab121bb8e0a9,True,2021-01-20 11:49:15.040000,2021-01-20 11:50:33.205000,consumer,Email,WI
6008893b633aab121bb8e0a9,True,2021-01-20 11:49:15.040000,2021-01-20 11:50:33.205000,consumer,Email,WI
60083a1e325c8a17946255de,True,2021-01-20 06:11:42.022000,2021-01-20 06:15:04.611000,consumer,Email,WI
6008896c633aab121bb8e11d,True,2021-01-20 11:50:04.439000,,consumer,Email,WI
60086a09b6310511daa4e1e9,True,2021-01-20 09:36:09.747000,2021-01-20 09:36:10.045000,consumer,Email,WI
60088d55633aab121bb8e41a,True,2021-01-20 12:06:45.740000,2021-01-20 12:07:54.542000,consumer,Email,WI
60088e5d633aab121bb8e5cf,True,2021-01-20 12:11:09.989000,2021-01-20 12:11:10.035000,consumer,Email,WI
60085b3dbe5fc90ee6a67b11,True,2021-01-20 08:33:01.152000,2021-01-20 08:36:54.993000,consumer,Email,WI
60088e44b6310511daa4ef80,True,2021-01-20 12:10:44.695000,2021-01-20 12:11:55.932000,consumer,Email,WI
6008893b633aab121bb8e0a9,True,2021-01-20 11:49:15.040000,2021-01-20 11:50:33.205000,consumer,Email,WI
6008893b633aab121bb8e0a9,True,2021-01-20 11:49:15.040000,2021-01-20 11:50:33.205000,consumer,Email,WI
60088d84633aab121bb8e4a6,True,2021-01-20 12:07:32.034000,2021-01-20 12:07:32.079000,consumer,Email,WI
6008873eb6310511daa4e8eb,True,2021-01-20 11:40:46.148000,2021-01-20 11:42:58.793000,consumer,Email,WI
60086978633aab121bb8c895,True,2021-01-20 09:33:44.062000,2021-01-20 09:37:31.189000,consumer,Email,WI
60088a25b6310511daa4ec42,True,2021-01-20 11:53:09.274000,2021-01-20 11:54:22.851000,consumer,Email,WI
6008622ebe5fc9247bab4eb9,False,2021-01-20 09:02:38.662000,2021-01-20 09:02:38.931000,consumer,Email,WI
6008893b633aab121bb8e0a9,True,2021-01-20 11:49:15.040000,2021-01-20 11:50:33.205000,consumer,Email,WI
6008897ab6310511daa4ebdc,True,2021-01-20 11:50:18.469000,2021-01-20 11:50:18.526000,consumer,Email,WI
60088a46b6310511daa4ec97,True,2021-01-20 11:53:42.902000,2021-01-20 11:53:42.948000,consumer,Email,WI
600987d77d983a11f63cfa92,True,2021-01-21 05:55:35.327000,2021-01-21 05:59:21.063000,consumer,Email,WI
600987d77d983a11f63cfa92,True,2021-01-21 05:55:35.327000,2021-01-21 05:59:21.063000,consumer,Email,WI
600987d77d983a11f63cfa92,True,2021-01-21 05:55:35.327000,2021-01-21 05:59:21.063000,consumer,Email,WI
6008f02fb6310511daa4f314,True,2021-01-20 19:08:31.692000,,consumer,Email,IL
600988557d983a11f63d08ef,True,2021-01-21 05:57:41.269000,2021-01-21 05:57:41.485000,consumer,Email,WI
6009885c50b33111fd61eee9,True,2021-01-21 05:57:48.490000,2021-01-21 05:57:48.698000,consumer,Email,WI
600987d77d983a11f63cfa92,True,2021-01-21 05:55:35.327000,2021-01-21 05:59:21.063000,consumer,Email,WI
6009e60450b3311194385009,True,2021-01-21 12:37:25.244000,,consumer,Email,WI
6009e60450b3311194385009,True,2021-01-21 12:37:25.244000,,consumer,Email,WI
6008d447b6310511daa4f281,True,2021-01-20 17:09:27.425000,,consumer,Email,WI
6009e60450b3311194385009,True,2021-01-21 12:37:25.244000,,consumer,Email,WI
600987d77d983a11f63cfa92,True,2021-01-21 05:55:35.327000,2021-01-21 05:59:21.063000,consumer,Email,WI
60099c1450b33111fd61f702,True,2021-01-21 07:21:56.507000,,consumer,Email,WI
600987d77d983a11f63cfa92,True,2021-01-21 05:55:35.327000,2021-01-21 05:59:21.063000,consumer,Email,WI
6008e9cdb6310511daa4f2e4,True,2021-01-20 18:41:17.264000,,consumer,Email,IL
600987d77d983a11f63cfa92,True,2021-01-21 05:55:35.327000,2021-01-21 05:59:21.063000,consumer,Email,WI
600a03e17d983a124e9adb0f,True,2021-01-21 14:44:49.842000,,consumer,Email,WI
600987d77d983a11f63cfa92,True,2021-01-21 05:55:35.327000,2021-01-21 05:59:21.063000,consumer,Email,WI
600987d77d983a11f63cfa92,True,2021-01-21 05:55:35.327000,2021-01-21 05:59:21.063000,consumer,Email,WI
600992d17d983a11f63d11ad,True,2021-01-21 06:42:25.107000,,consumer,Email,WI
600b477e7d983a124e9ae061,True,2021-01-22 13:45:34.904000,,consumer,Email,WI
600f008f4329897eac237bd8,True,2021-01-25 09:31:59.409000,2021-01-25 09:35:51.918000,consumer,Email,WI
600f008f4329897eac237bd8,True,2021-01-25 09:31:59.409000,2021-01-25 09:35:51.918000,consumer,Email,WI
600f008f4329897eac237bd8,True,2021-01-25 09:31:59.409000,2021-01-25 09:35:51.918000,consumer,Email,WI
600ed4815edb7811cde6b50b,True,2021-01-25 06:24:01.806000,2021-01-25 06:24:02.036000,consumer,Email,WI
600f008f4329897eac237bd8,True,2021-01-25 09:31:59.409000,2021-01-25 09:35:51.918000,consumer,Email,WI
600f41b2bd196811e68ea219,True,2021-01-25 14:09:55.031000,2021-01-25 14:16:29.531000,consumer,Email,WI
600f20c15edb787dce060911,True,2021-01-25 11:49:21.843000,,consumer,Email,WI
600f47f06fd0dc1768a34a12,True,2021-01-25 14:36:32.551000,2021-01-25 14:40:13.981000,consumer,Email,WI
600ed42e43298911ce45d1fa,True,2021-01-25 06:22:39.286000,2021-01-25 06:29:24.970000,consumer,Email,WI
600ed42e43298911ce45d1fa,True,2021-01-25 06:22:39.286000,2021-01-25 06:29:24.970000,consumer,Email,WI
600f41b2bd196811e68ea219,True,2021-01-25 14:09:55.031000,2021-01-25 14:16:29.531000,consumer,Email,WI
600ed42e43298911ce45d1fa,True,2021-01-25 06:22:39.286000,2021-01-25 06:29:24.970000,consumer,Email,WI
600f008f4329897eac237bd8,True,2021-01-25 09:31:59.409000,2021-01-25 09:35:51.918000,consumer,Email,WI
600f008f4329897eac237bd8,True,2021-01-25 09:31:59.409000,2021-01-25 09:35:51.918000,consumer,Email,WI
600eea525edb7811cde6c81c,True,2021-01-25 07:57:07.029000,,consumer,Email,WI
600f008f4329897eac237bd8,True,2021-01-25 09:31:59.409000,2021-01-25 09:35:51.918000,consumer,Email,WI
600ed48a5edb7811cde6b549,True,2021-01-25 06:24:10.969000,2021-01-25 06:24:11.193000,consumer,Email,WI
600f47f06fd0dc1768a34a12,True,2021-01-25 14:36:32.551000,2021-01-25 14:40:13.981000,consumer,Email,WI
600f47f06fd0dc1768a34a12,True,2021-01-25 14:36:32.551000,2021-01-25 14:40:13.981000,consumer,Email,WI
600ed42e43298911ce45d1fa,True,2021-01-25 06:22:39.286000,2021-01-25 06:29:24.970000,consumer,Email,WI
600fb1ac73c60b12049027bb,True,2021-01-25 22:07:40.879000,2021-01-25 22:11:23.950000,consumer,Email,WI
600fb1ac73c60b12049027bb,True,2021-01-25 22:07:40.879000,2021-01-25 22:11:23.950000,consumer,Email,WI
600fb1ac73c60b12049027bb,True,2021-01-25 22:07:40.879000,2021-01-25 22:11:23.950000,consumer,Email,WI
600fb1ac73c60b12049027bb,True,2021-01-25 22:07:40.879000,2021-01-25 22:11:23.950000,consumer,Email,WI
600fb1ac73c60b12049027bb,True,2021-01-25 22:07:40.879000,2021-01-25 22:11:23.950000,consumer,Email,WI
600fb1ec73c60b1204902af4,True,2021-01-25 22:08:44.058000,2021-01-25 22:08:44.267000,consumer,Email,WI
600fb1ac73c60b12049027bb,True,2021-01-25 22:07:40.879000,2021-01-25 22:11:23.950000,consumer,Email,WI
600fb1ac73c60b12049027bb,True,2021-01-25 22:07:40.879000,2021-01-25 22:11:23.950000,consumer,Email,WI
600fb1ac73c60b12049027bb,True,2021-01-25 22:07:40.879000,2021-01-25 22:11:23.950000,consumer,Email,WI
600fb1ac73c60b12049027bb,True,2021-01-25 22:07:40.879000,2021-01-25 22:11:23.950000,consumer,Email,WI
600fb1ac73c60b12049027bb,True,2021-01-25 22:07:40.879000,2021-01-25 22:11:23.950000,consumer,Email,WI
600fb1ac73c60b12049027bb,True,2021-01-25 22:07:40.879000,2021-01-25 22:11:23.950000,consumer,Email,WI
600fb1e4a4b74c120bd18777,True,2021-01-25 22:08:36.799000,2021-01-25 22:08:37.094000,consumer,Email,WI
600fb1ac73c60b12049027bb,True,2021-01-25 22:07:40.879000,2021-01-25 22:11:23.950000,consumer,Email,WI
600fb1ac73c60b12049027bb,True,2021-01-25 22:07:40.879000,2021-01-25 22:11:23.950000,consumer,Email,WI
600fb1ac73c60b12049027bb,True,2021-01-25 22:07:40.879000,2021-01-25 22:11:23.950000,consumer,Email,WI
600fb1ac73c60b12049027bb,True,2021-01-25 22:07:40.879000,2021-01-25 22:11:23.950000,consumer,Email,WI
600fb1ac73c60b12049027bb,True,2021-01-25 22:07:40.879000,2021-01-25 22:11:23.950000,consumer,Email,WI
6011f33173c60b1804ce1102,True,2021-01-27 15:11:45.991000,2021-01-27 15:11:46.040000,consumer,Email,WI
6011f43ba4b74c18d3a8ca01,True,2021-01-27 15:16:11.933000,2021-01-27 15:16:12.023000,consumer,Email,WI
6011f31ea4b74c18d3a8c476,True,2021-01-27 15:11:26.702000,2021-01-27 15:16:11.198000,consumer,Email,WI
6011f31ea4b74c18d3a8c476,True,2021-01-27 15:11:26.702000,2021-01-27 15:16:11.198000,consumer,Email,WI
6011f31ea4b74c18d3a8c476,True,2021-01-27 15:11:26.702000,2021-01-27 15:16:11.198000,consumer,Email,WI
6011f42773c60b1804ce1607,True,2021-01-27 15:15:51.961000,2021-01-27 15:15:52.006000,consumer,Email,WI
60118bcfa4b74c18d3a8c0d7,True,2021-01-27 07:50:39.664000,2021-01-27 07:52:41.503000,consumer,Email,WI
6010be65a4b74c120bd19edc,True,2021-01-26 17:14:13.600000,2021-01-26 17:14:13.644000,consumer,Email,WI
6010bddaa4b74c120bd19dfb,True,2021-01-26 17:11:54.997000,2021-01-26 17:14:25.032000,consumer,Email,WI
60118c0fa4b74c18d3a8c151,True,2021-01-27 07:51:43.511000,2021-01-27 07:51:43.566000,consumer,Email,WI
6011f33173c60b1804ce1102,True,2021-01-27 15:11:45.991000,2021-01-27 15:11:46.040000,consumer,Email,WI
6010bddaa4b74c120bd19dfb,True,2021-01-26 17:11:54.997000,2021-01-26 17:14:25.032000,consumer,Email,WI
6011f33173c60b1804ce1102,True,2021-01-27 15:11:45.991000,2021-01-27 15:11:46.040000,consumer,Email,WI
60118bcfa4b74c18d3a8c0d7,True,2021-01-27 07:50:39.664000,2021-01-27 07:52:41.503000,consumer,Email,WI
6010bddaa4b74c120bd19dfb,True,2021-01-26 17:11:54.997000,2021-01-26 17:14:25.032000,consumer,Email,WI
60118bcfa4b74c18d3a8c0d7,True,2021-01-27 07:50:39.664000,2021-01-27 07:52:41.503000,consumer,Email,WI
6011f31ea4b74c18d3a8c476,True,2021-01-27 15:11:26.702000,2021-01-27 15:16:11.198000,consumer,Email,WI
6010be6673c60b12049040ef,True,2021-01-26 17:14:14.981000,2021-01-26 17:14:15.028000,consumer,Email,WI
6011f33173c60b1804ce1102,True,2021-01-27 15:11:45.991000,2021-01-27 15:11:46.040000,consumer,Email,WI
6010be6173c60b12049040d7,True,2021-01-26 17:14:09.100000,2021-01-26 17:14:09.163000,consumer,Email,WI
60132acb73c60b3ca7f3ba32,True,2021-01-28 13:21:15.898000,2021-01-28 13:25:01.904000,consumer,Email,WI
60132acb73c60b3ca7f3ba32,True,2021-01-28 13:21:15.898000,2021-01-28 13:25:01.904000,consumer,Email,WI
600f00d05edb787dce05fb84,True,2021-01-25 09:33:04.549000,,consumer,Email,WI
60132acb73c60b3ca7f3ba32,True,2021-01-28 13:21:15.898000,2021-01-28 13:25:01.904000,consumer,Email,WI
600f00d05edb787dce05fb84,True,2021-01-25 09:33:04.549000,,consumer,Email,WI
60132b85a4b74c3cbc516295,True,2021-01-28 13:24:21.761000,2021-01-28 13:24:21.913000,consumer,Email,WI
60132b8b73c60b3ca7f3baee,True,2021-01-28 13:24:27.222000,2021-01-28 13:24:27.387000,consumer,Email,WI
600f19914329897eac238fef,True,2021-01-25 11:18:41.390000,,consumer,Email,WI
6014558767804a1228b20d00,True,2021-01-29 10:35:51.391000,2021-01-29 10:35:51.434000,consumer,Email,WI
601465c567804a1228b20f89,True,2021-01-29 11:45:09.523000,2021-01-29 11:45:09.567000,consumer,Email,WI
60145a3c84231211ce796c5d,True,2021-01-29 10:55:56.507000,2021-01-29 10:58:36.699000,consumer,Email,WI
6014499c67804a1228b1f5b0,True,2021-01-29 09:45:00.842000,2021-01-29 10:00:01.464000,consumer,Email,WI
600f35015edb782098e2ac1b,True,2021-01-25 13:15:46.246000,,consumer,Email,WI
60147001c8b50e11d8453c36,True,2021-01-29 12:28:49.403000,2021-01-29 12:28:49.622000,consumer,Email,WI
60145a5584231211ce796cac,True,2021-01-29 10:56:21.484000,2021-01-29 10:56:21.542000,consumer,Email,WI
6014558767804a1228b20d00,True,2021-01-29 10:35:51.391000,2021-01-29 10:35:51.434000,consumer,Email,WI
6014319173c60b3ca7f3bf01,True,2021-01-29 08:02:25.330000,2021-01-29 08:05:28.918000,consumer,Email,WI
6014558467804a1228b20cf0,True,2021-01-29 10:35:48.060000,2021-01-29 10:35:48.133000,consumer,Email,WI
6014485b84231211ce793d79,True,2021-01-29 09:39:39.324000,2021-01-29 09:43:11.937000,consumer,Email,WI
601431c173c60b3ca7f3bf63,True,2021-01-29 08:03:13.318000,2021-01-29 08:03:13.362000,consumer,Email,WI
601465a884231211ce796db3,True,2021-01-29 11:44:40.680000,2021-01-29 11:44:40.758000,consumer,Email,WI
60145ff384231211ce796d51,True,2021-01-29 11:20:19.722000,,consumer,Email,
60146f2ac8b50e11d8452661,True,2021-01-29 12:25:14.221000,2021-01-29 12:29:08.512000,consumer,Email,WI
60145a3c84231211ce796c5d,True,2021-01-29 10:55:56.507000,2021-01-29 10:58:36.699000,consumer,Email,WI
6014658e67804a1228b20ef4,True,2021-01-29 11:44:14.197000,2021-01-29 11:46:07.347000,consumer,Email,WI
601442ce67804a1228b1dc41,True,2021-01-29 09:15:58.195000,2021-01-29 09:18:54.023000,consumer,Email,WI
601465a584231211ce796da5,True,2021-01-29 11:44:37.376000,2021-01-29 11:44:37.437000,consumer,Email,WI
60145ff384231211ce796d51,True,2021-01-29 11:20:19.722000,,consumer,Email,
60147d2ac8b50e11d8453f53,True,2021-01-29 13:24:58.184000,,consumer,Email,OH
60147d2ac8b50e11d8453f53,True,2021-01-29 13:24:58.184000,,consumer,Email,OH
601890a99a1b091205b61ced,True,2021-02-01 15:37:13.079000,2021-02-01 15:37:13.126000,consumer,Email,WI
60183090c8b50e11d84549c0,True,2021-02-01 08:47:12.843000,2021-02-01 08:48:32.031000,consumer,Email,WI
60183090c8b50e11d84549c0,True,2021-02-01 08:47:12.843000,2021-02-01 08:48:32.031000,consumer,Email,WI
60147d2ac8b50e11d8453f53,True,2021-01-29 13:24:58.184000,,consumer,Email,OH
60182f4ac8b50e11d8454946,True,2021-02-01 08:41:46.573000,2021-02-01 08:41:46.615000,consumer,Email,WI
60182d6dc8b50e11d84547b2,True,2021-02-01 08:33:49.873000,2021-02-01 08:36:01.759000,consumer,Email,WI
60147d2ac8b50e11d8453f53,True,2021-01-29 13:24:58.184000,,consumer,Email,OH
60183c579a1b091205b61a5f,True,2021-02-01 09:37:27.795000,2021-02-01 09:39:27.811000,consumer,Email,WI
60147d2ac8b50e11d8453f53,True,2021-01-29 13:24:58.184000,,consumer,Email,OH
60189c94c8b50e11d8454f6b,True,2021-02-01 16:28:04.020000,2021-02-01 16:28:04.073000,consumer,Email,WI
60189c74c8b50e11d8454eff,True,2021-02-01 16:27:32.642000,2021-02-01 16:29:09.977000,consumer,Email,WI
60189c74c8b50e11d8454eff,True,2021-02-01 16:27:32.642000,2021-02-01 16:29:09.977000,consumer,Email,WI
60189c94c8b50e11d8454f6b,True,2021-02-01 16:28:04.020000,2021-02-01 16:28:04.073000,consumer,Email,WI
60189c74c8b50e11d8454eff,True,2021-02-01 16:27:32.642000,2021-02-01 16:29:09.977000,consumer,Email,WI
60189c74c8b50e11d8454eff,True,2021-02-01 16:27:32.642000,2021-02-01 16:29:09.977000,consumer,Email,WI
60189c88c8b50e11d8454f2f,True,2021-02-01 16:27:52.817000,2021-02-01 16:27:52.868000,consumer,Email,WI
60189c74c8b50e11d8454eff,True,2021-02-01 16:27:32.642000,2021-02-01 16:29:09.977000,consumer,Email,WI
60189c859a1b091205b61de1,True,2021-02-01 16:27:49.145000,2021-02-01 16:27:49.193000,consumer,Email,WI
60189c74c8b50e11d8454eff,True,2021-02-01 16:27:32.642000,2021-02-01 16:29:09.977000,consumer,Email,WI
60189c74c8b50e11d8454eff,True,2021-02-01 16:27:32.642000,2021-02-01 16:29:09.977000,consumer,Email,WI
60189c94c8b50e11d8454f6b,True,2021-02-01 16:28:04.020000,2021-02-01 16:28:04.073000,consumer,Email,WI
60189c94c8b50e11d8454f6b,True,2021-02-01 16:28:04.020000,2021-02-01 16:28:04.073000,consumer,Email,WI
60186237c8b50e11d8454d5f,True,2021-02-01 12:19:03.551000,,consumer,Email,
60186237c8b50e11d8454d5f,True,2021-02-01 12:19:03.551000,,consumer,Email,
601ac1da591789121574dc07,True,2021-02-03 07:31:38.705000,2021-02-03 07:31:38.909000,consumer,Email,WI
60186237c8b50e11d8454d5f,True,2021-02-01 12:19:03.551000,,consumer,Email,
60183e6c9a1b091205b61b49,True,2021-02-01 09:46:20.468000,,consumer,Email,SC
601ac195af4b1a1205f7560f,True,2021-02-03 07:30:29.397000,2021-02-03 07:34:11.043000,consumer,Email,WI
60186237c8b50e11d8454d5f,True,2021-02-01 12:19:03.551000,,consumer,Email,
60186237c8b50e11d8454d5f,True,2021-02-01 12:19:03.551000,,consumer,Email,
601c6887969c0b11f7d0c81f,True,2021-02-04 13:35:03.045000,2021-02-04 13:36:30.188000,consumer,Email,WI
601c68d229c30a1227ada484,True,2021-02-04 13:36:18.530000,2021-02-04 13:36:18.572000,consumer,Email,WI
601c2c05969c0b11f7d0b097,True,2021-02-04 09:16:53.700000,2021-02-04 09:20:30.228000,consumer,Email,WI
601c2c6a29c30a1227ad93bd,True,2021-02-04 09:18:34.447000,2021-02-04 09:18:34.650000,consumer,Email,WI
601c2c05969c0b11f7d0b097,True,2021-02-04 09:16:53.700000,2021-02-04 09:20:30.228000,consumer,Email,WI
55308179e4b0eabd8f99caa2,True,2015-04-16 20:43:53.186000,2018-05-07 10:23:40.003000,consumer,,WI
60217fa799409b11fcf899fe,True,2021-02-08 10:15:03.714000,,consumer,Email,WI
602176c9b57b8a12187fe77e,True,2021-02-08 09:37:13.950000,2021-02-08 09:37:13.989000,consumer,Email,WI
602176a3b57b8a12187fe717,True,2021-02-08 09:36:35.109000,2021-02-08 09:36:35.150000,consumer,Email,WI
6022998599409b11fcf89c53,True,2021-02-09 06:17:41.257000,2021-02-09 06:18:58.835000,consumer,Email,WI
60229990b57b8a12187fe9e0,True,2021-02-09 06:17:52.581000,2021-02-09 06:17:52.626000,consumer,Email,WI
60229990b57b8a12187fe9e0,True,2021-02-09 06:17:52.581000,2021-02-09 06:17:52.626000,consumer,Email,WI
59c124bae4b0299e55b0f330,True,2017-09-19 07:07:54.302000,2021-02-08 08:42:58.117000,fetch-staff,,WI
59c124bae4b0299e55b0f330,True,2017-09-19 07:07:54.302000,2021-02-08 08:42:58.117000,fetch-staff,,WI
59c124bae4b0299e55b0f330,True,2017-09-19 07:07:54.302000,2021-02-08 08:42:58.117000,fetch-staff,,WI
59c124bae4b0299e55b0f330,True,2017-09-19 07:07:54.302000,2021-02-08 08:42:58.117000,fetch-staff,,WI
59c124bae4b0299e55b0f330,True,2017-09-19 07:07:54.302000,2021-02-08 08:42:58.117000,fetch-staff,,WI
59c124bae4b0299e55b0f330,True,2017-09-19 07:07:54.302000,2021-02-08 08:42:58.117000,fetch-staff,,WI
59c124bae4b0299e55b0f330,True,2017-09-19 07:07:54.302000,2021-02-08 08:42:58.117000,fetch-staff,,WI
59c124bae4b0299e55b0f330,True,2017-09-19 07:07:54.302000,2021-02-08 08:42:58.117000,fetch-staff,,WI
59c124bae4b0299e55b0f330,True,2017-09-19 07:07:54.302000,2021-02-08 08:42:58.117000,fetch-staff,,WI
6024399defa60112282c0ac9,True,2021-02-10 11:53:01.857000,2021-02-10 11:53:02.079000,consumer,Email,WI
59c124bae4b0299e55b0f330,True,2017-09-19 07:07:54.302000,2021-02-08 08:42:58.117000,fetch-staff,,WI
59c124bae4b0299e55b0f330,True,2017-09-19 07:07:54.302000,2021-02-08 08:42:58.117000,fetch-staff,,WI
59c124bae4b0299e55b0f330,True,2017-09-19 07:07:54.302000,2021-02-08 08:42:58.117000,fetch-staff,,WI
5f2068904928021530f8fc34,True,2020-07-28 11:04:00.905000,2021-02-04 07:30:05.375000,fetch-staff,Email,WI
59c124bae4b0299e55b0f330,True,2017-09-19 07:07:54.302000,2021-02-08 08:42:58.117000,fetch-staff,,WI
59c124bae4b0299e55b0f330,True,2017-09-19 07:07:54.302000,2021-02-08 08:42:58.117000,fetch-staff,,WI
59c124bae4b0299e55b0f330,True,2017-09-19 07:07:54.302000,2021-02-08 08:42:58.117000,fetch-staff,,WI
59c124bae4b0299e55b0f330,True,2017-09-19 07:07:54.302000,2021-02-08 08:42:58.117000,fetch-staff,,WI
59c124bae4b0299e55b0f330,True,2017-09-19 07:07:54.302000,2021-02-08 08:42:58.117000,fetch-staff,,WI
59c124bae4b0299e55b0f330,True,2017-09-19 07:07:54.302000,2021-02-08 08:42:58.117000,fetch-staff,,WI
602558b1efa60114d20e5dc7,True,2021-02-11 08:17:53.738000,2021-02-11 08:17:53.798000,consumer,Email,WI
602538adb54593795bf692ac,True,2021-02-11 06:01:17.332000,2021-02-11 06:01:17.388000,consumer,Email,WI
60255883efa60114d20e5d4e,True,2021-02-11 08:17:07.502000,2021-02-11 08:18:29.219000,consumer,Email,WI
602558adb5459313e1e9b7ce,True,2021-02-11 08:17:49.831000,2021-02-11 08:17:49.893000,consumer,Email,WI
6025388fb54593795bf69234,True,2021-02-11 06:00:47.269000,2021-02-11 06:00:47.332000,consumer,Email,WI
5fb0a078be5fc9775c1f3945,True,2020-11-14 19:28:56.818000,,consumer,Google,AL
60268c7aefa6011bb1510786,True,2021-02-12 06:11:06.240000,2021-02-12 06:11:06.294000,consumer,Email,WI
5a43c08fe4b014fd6b6a0612,True,2017-12-27 07:47:27.059000,2021-02-12 08:22:37.155000,consumer,,
5a43c08fe4b014fd6b6a0612,True,2017-12-27 07:47:27.059000,2021-02-12 08:22:37.155000,consumer,,
5a43c08fe4b014fd6b6a0612,True,2017-12-27 07:47:27.059000,2021-02-12 08:22:37.155000,consumer,,
5a43c08fe4b014fd6b6a0612,True,2017-12-27 07:47:27.059000,2021-02-12 08:22:37.155000,consumer,,
5a43c08fe4b014fd6b6a0612,True,2017-12-27 07:47:27.059000,2021-02-12 08:22:37.155000,consumer,,
60268c69efa6011bb151075f,True,2021-02-12 06:10:49.408000,2021-02-12 06:12:07.107000,consumer,Email,WI
5a43c08fe4b014fd6b6a0612,True,2017-12-27 07:47:27.059000,2021-02-12 08:22:37.155000,consumer,,
5fb0a078be5fc9775c1f3945,True,2020-11-14 19:28:56.818000,,consumer,Google,AL
5a43c08fe4b014fd6b6a0612,True,2017-12-27 07:47:27.059000,2021-02-12 08:22:37.155000,consumer,,
5a43c08fe4b014fd6b6a0612,True,2017-12-27 07:47:27.059000,2021-02-12 08:22:37.155000,consumer,,
5fbc35711d967d1222cbfefc,True,2020-11-23 14:19:29.509000,2021-02-25 20:25:51.057000,fetch-staff,Email,
5fbc35711d967d1222cbfefc,True,2020-11-23 14:19:29.509000,2021-02-25 20:25:51.057000,fetch-staff,Email,
5fbc35711d967d1222cbfefc,True,2020-11-23 14:19:29.509000,2021-02-25 20:25:51.057000,fetch-staff,Email,
5fc961c3b8cfca11a077dd33,True,2020-12-03 14:08:03.936000,2021-02-26 14:39:16.799000,fetch-staff,Email,NH
5fc961c3b8cfca11a077dd33,True,2020-12-03 14:08:03.936000,2021-02-26 14:39:16.799000,fetch-staff,Email,NH
5fc961c3b8cfca11a077dd33,True,2020-12-03 14:08:03.936000,2021-02-26 14:39:16.799000,fetch-staff,Email,NH
5fc961c3b8cfca11a077dd33,True,2020-12-03 14:08:03.936000,2021-02-26 14:39:16.799000,fetch-staff,Email,NH
5fc961c3b8cfca11a077dd33,True,2020-12-03 14:08:03.936000,2021-02-26 14:39:16.799000,fetch-staff,Email,NH
5fc961c3b8cfca11a077dd33,True,2020-12-03 14:08:03.936000,2021-02-26 14:39:16.799000,fetch-staff,Email,NH
5fc961c3b8cfca11a077dd33,True,2020-12-03 14:08:03.936000,2021-02-26 14:39:16.799000,fetch-staff,Email,NH
5fc961c3b8cfca11a077dd33,True,2020-12-03 14:08:03.936000,2021-02-26 14:39:16.799000,fetch-staff,Email,NH
5fc961c3b8cfca11a077dd33,True,2020-12-03 14:08:03.936000,2021-02-26 14:39:16.799000,fetch-staff,Email,NH
5fc961c3b8cfca11a077dd33,True,2020-12-03 14:08:03.936000,2021-02-26 14:39:16.799000,fetch-staff,Email,NH
5fc961c3b8cfca11a077dd33,True,2020-12-03 14:08:03.936000,2021-02-26 14:39:16.799000,fetch-staff,Email,NH
5fc961c3b8cfca11a077dd33,True,2020-12-03 14:08:03.936000,2021-02-26 14:39:16.799000,fetch-staff,Email,NH
5fc961c3b8cfca11a077dd33,True,2020-12-03 14:08:03.936000,2021-02-26 14:39:16.799000,fetch-staff,Email,NH
5fc961c3b8cfca11a077dd33,True,2020-12-03 14:08:03.936000,2021-02-26 14:39:16.799000,fetch-staff,Email,NH
5fc961c3b8cfca11a077dd33,True,2020-12-03 14:08:03.936000,2021-02-26 14:39:16.799000,fetch-staff,Email,NH
5fc961c3b8cfca11a077dd33,True,2020-12-03 14:08:03.936000,2021-02-26 14:39:16.799000,fetch-staff,Email,NH
5fc961c3b8cfca11a077dd33,True,2020-12-03 14:08:03.936000,2021-02-26 14:39:16.799000,fetch-staff,Email,NH
5fc961c3b8cfca11a077dd33,True,2020-12-03 14:08:03.936000,2021-02-26 14:39:16.799000,fetch-staff,Email,NH
5fc961c3b8cfca11a077dd33,True,2020-12-03 14:08:03.936000,2021-02-26 14:39:16.799000,fetch-staff,Email,NH
5fc961c3b8cfca11a077dd33,True,2020-12-03 14:08:03.936000,2021-02-26 14:39:16.799000,fetch-staff,Email,NH
5fa41775898c7a11a6bcef3e,True,2020-11-05 07:17:09.396000,2021-03-04 08:02:02.026000,fetch-staff,Email,
5fa32b4d898c7a11a6bcebce,True,2020-11-04 14:29:33.309000,2021-03-03 23:21:58.047000,fetch-staff,Google,AL
5fa41775898c7a11a6bcef3e,True,2020-11-05 07:17:09.396000,2021-03-04 08:02:02.026000,fetch-staff,Email,
5fa41775898c7a11a6bcef3e,True,2020-11-05 07:17:09.396000,2021-03-04 08:02:02.026000,fetch-staff,Email,
5fa41775898c7a11a6bcef3e,True,2020-11-05 07:17:09.396000,2021-03-04 08:02:02.026000,fetch-staff,Email,
5fa41775898c7a11a6bcef3e,True,2020-11-05 07:17:09.396000,2021-03-04 08:02:02.026000,fetch-staff,Email,
5fa41775898c7a11a6bcef3e,True,2020-11-05 07:17:09.396000,2021-03-04 08:02:02.026000,fetch-staff,Email,
5964eb07e4b03efd0c0f267b,True,2017-07-11 08:13:11.771000,2021-03-04 11:07:49.770000,fetch-staff,,IL
5fa41775898c7a11a6bcef3e,True,2020-11-05 07:17:09.396000,2021-03-04 08:02:02.026000,fetch-staff,Email,
5fa41775898c7a11a6bcef3e,True,2020-11-05 07:17:09.396000,2021-03-04 08:02:02.026000,fetch-staff,Email,
5fa41775898c7a11a6bcef3e,True,2020-11-05 07:17:09.396000,2021-03-04 08:02:02.026000,fetch-staff,Email,
5fa41775898c7a11a6bcef3e,True,2020-11-05 07:17:09.396000,2021-03-04 08:02:02.026000,fetch-staff,Email,
5fa41775898c7a11a6bcef3e,True,2020-11-05 07:17:09.396000,2021-03-04 08:02:02.026000,fetch-staff,Email,
5fa41775898c7a11a6bcef3e,True,2020-11-05 07:17:09.396000,2021-03-04 08:02:02.026000,fetch-staff,Email,
5fa41775898c7a11a6bcef3e,True,2020-11-05 07:17:09.396000,2021-03-04 08:02:02.026000,fetch-staff,Email,
5fa41775898c7a11a6bcef3e,True,2020-11-05 07:17:09.396000,2021-03-04 08:02:02.026000,fetch-staff,Email,
5fa41775898c7a11a6bcef3e,True,2020-11-05 07:17:09.396000,2021-03-04 08:02:02.026000,fetch-staff,Email,
5fa41775898c7a11a6bcef3e,True,2020-11-05 07:17:09.396000,2021-03-04 08:02:02.026000,fetch-staff,Email,
5fa41775898c7a11a6bcef3e,True,2020-11-05 07:17:09.396000,2021-03-04 08:02:02.026000,fetch-staff,Email,
5fa41775898c7a11a6bcef3e,True,2020-11-05 07:17:09.396000,2021-03-04 08:02:02.026000,fetch-staff,Email,
54943462e4b07e684157a532,True,2014-12-19 06:21:22.381000,2021-03-05 08:52:23.204000,fetch-staff,,
54943462e4b07e684157a532,True,2014-12-19 06:21:22.381000,2021-03-05 08:52:23.204000,fetch-staff,,
54943462e4b07e684157a532,True,2014-12-19 06:21:22.381000,2021-03-05 08:52:23.204000,fetch-staff,,
54943462e4b07e684157a532,True,2014-12-19 06:21:22.381000,2021-03-05 08:52:23.204000,fetch-staff,,
54943462e4b07e684157a532,True,2014-12-19 06:21:22.381000,2021-03-05 08:52:23.204000,fetch-staff,,
54943462e4b07e684157a532,True,2014-12-19 06:21:22.381000,2021-03-05 08:52:23.204000,fetch-staff,,
54943462e4b07e684157a532,True,2014-12-19 06:21:22.381000,2021-03-05 08:52:23.204000,fetch-staff,,
54943462e4b07e684157a532,True,2014-12-19 06:21:22.381000,2021-03-05 08:52:23.204000,fetch-staff,,
54943462e4b07e684157a532,True,2014-12-19 06:21:22.381000,2021-03-05 08:52:23.204000,fetch-staff,,
54943462e4b07e684157a532,True,2014-12-19 06:21:22.381000,2021-03-05 08:52:23.204000,fetch-staff,,
54943462e4b07e684157a532,True,2014-12-19 06:21:22.381000,2021-03-05 08:52:23.204000,fetch-staff,,
54943462e4b07e684157a532,True,2014-12-19 06:21:22.381000,2021-03-05 08:52:23.204000,fetch-staff,,
54943462e4b07e684157a532,True,2014-12-19 06:21:22.381000,2021-03-05 08:52:23.204000,fetch-staff,,
54943462e4b07e684157a532,True,2014-12-19 06:21:22.381000,2021-03-05 08:52:23.204000,fetch-staff,,
54943462e4b07e684157a532,True,2014-12-19 06:21:22.381000,2021-03-05 08:52:23.204000,fetch-staff,,
54943462e4b07e684157a532,True,2014-12-19 06:21:22.381000,2021-03-05 08:52:23.204000,fetch-staff,,
54943462e4b07e684157a532,True,2014-12-19 06:21:22.381000,2021-03-05 08:52:23.204000,fetch-staff,,
54943462e4b07e684157a532,True,2014-12-19 06:21:22.381000,2021-03-05 08:52:23.204000,fetch-staff,,
54943462e4b07e684157a532,True,2014-12-19 06:21:22.381000,2021-03-05 08:52:23.204000,fetch-staff,,
54943462e4b07e684157a532,True,2014-12-19 06:21:22.381000,2021-03-05 08:52:23.204000,fetch-staff,,
